{
    "name": "root",
    "gauges": {
        "CarBehavior.Policy.Entropy.mean": {
            "value": 1.1786854267120361,
            "min": 1.1786854267120361,
            "max": 1.1786855459213257,
            "count": 6
        },
        "CarBehavior.Policy.Entropy.sum": {
            "value": 11758.56640625,
            "min": 11730.2783203125,
            "max": 11867.005859375,
            "count": 6
        },
        "CarBehavior.Step.mean": {
            "value": 559984.0,
            "min": 509942.0,
            "max": 559984.0,
            "count": 6
        },
        "CarBehavior.Step.sum": {
            "value": 559984.0,
            "min": 509942.0,
            "max": 559984.0,
            "count": 6
        },
        "CarBehavior.Policy.ExtrinsicValueEstimate.mean": {
            "value": 214.55294799804688,
            "min": 212.8006591796875,
            "max": 218.1337890625,
            "count": 6
        },
        "CarBehavior.Policy.ExtrinsicValueEstimate.sum": {
            "value": 36259.44921875,
            "min": 35112.109375,
            "max": 36976.28515625,
            "count": 6
        },
        "CarBehavior.Environment.EpisodeLength.mean": {
            "value": 418.3636363636364,
            "min": 408.5,
            "max": 522.4117647058823,
            "count": 6
        },
        "CarBehavior.Environment.EpisodeLength.sum": {
            "value": 9204.0,
            "min": 8881.0,
            "max": 10621.0,
            "count": 6
        },
        "CarBehavior.Environment.CumulativeReward.mean": {
            "value": 1063.4743172390895,
            "min": 1024.0306321657622,
            "max": 1356.717490871163,
            "count": 6
        },
        "CarBehavior.Environment.CumulativeReward.sum": {
            "value": 23396.434979259968,
            "min": 22869.278565749526,
            "max": 26976.300082683563,
            "count": 6
        },
        "CarBehavior.Policy.ExtrinsicReward.mean": {
            "value": 1063.4743172390895,
            "min": 1024.0306321657622,
            "max": 1356.717490871163,
            "count": 6
        },
        "CarBehavior.Policy.ExtrinsicReward.sum": {
            "value": 23396.434979259968,
            "min": 22869.278565749526,
            "max": 26976.300082683563,
            "count": 6
        },
        "CarBehavior.IsTraining.mean": {
            "value": 0.0,
            "min": 0.0,
            "max": 0.0,
            "count": 6
        },
        "CarBehavior.IsTraining.sum": {
            "value": 0.0,
            "min": 0.0,
            "max": 0.0,
            "count": 6
        }
    },
    "metadata": {
        "timer_format_version": "0.1.0",
        "start_time_seconds": "1768946446",
        "python_version": "3.10.12 | packaged by Anaconda, Inc. | (main, Jul  5 2023, 19:01:18) [MSC v.1916 64 bit (AMD64)]",
        "command_line_arguments": "C:\\Users\\Jovan\\miniconda3\\envs\\mlagents\\Scripts\\mlagents-learn car_config.yaml --run-id=RCT70ProcRandMore6 --resume --inference",
        "mlagents_version": "1.1.0",
        "mlagents_envs_version": "1.1.0",
        "communication_protocol_version": "1.5.0",
        "pytorch_version": "2.8.0+cpu",
        "numpy_version": "1.23.5",
        "end_time_seconds": "1768946573"
    },
    "total": 126.98610349999944,
    "count": 1,
    "self": 10.008840699993016,
    "children": {
        "run_training.setup": {
            "total": 0.29566720000002533,
            "count": 1,
            "self": 0.29566720000002533
        },
        "TrainerController.start_learning": {
            "total": 116.6815956000064,
            "count": 1,
            "self": 0.35452999980043387,
            "children": {
                "TrainerController._reset_env": {
                    "total": 12.346676000001025,
                    "count": 1,
                    "self": 12.346676000001025
                },
                "TrainerController.advance": {
                    "total": 103.98038770020503,
                    "count": 15101,
                    "self": 0.3007986996381078,
                    "children": {
                        "env_step": {
                            "total": 98.28426260058768,
                            "count": 15101,
                            "self": 85.07106000041676,
                            "children": {
                                "SubprocessEnvManager._take_step": {
                                    "total": 12.98649129983096,
                                    "count": 15101,
                                    "self": 1.0765694993533543,
                                    "children": {
                                        "TorchPolicy.evaluate": {
                                            "total": 11.909921800477605,
                                            "count": 15101,
                                            "self": 11.909921800477605
                                        }
                                    }
                                },
                                "workers": {
                                    "total": 0.22671130033995723,
                                    "count": 15100,
                                    "self": 0.0,
                                    "children": {
                                        "worker_root": {
                                            "total": 105.39666139990004,
                                            "count": 15100,
                                            "is_parallel": true,
                                            "self": 41.48158659967157,
                                            "children": {
                                                "steps_from_proto": {
                                                    "total": 0.000695100003213156,
                                                    "count": 1,
                                                    "is_parallel": true,
                                                    "self": 0.0001551000023027882,
                                                    "children": {
                                                        "_process_rank_one_or_two_observation": {
                                                            "total": 0.0005400000009103678,
                                                            "count": 6,
                                                            "is_parallel": true,
                                                            "self": 0.0005400000009103678
                                                        }
                                                    }
                                                },
                                                "UnityEnvironment.step": {
                                                    "total": 63.914379700225254,
                                                    "count": 15100,
                                                    "is_parallel": true,
                                                    "self": 2.2657797989668325,
                                                    "children": {
                                                        "UnityEnvironment._generate_step_input": {
                                                            "total": 2.3143990004537045,
                                                            "count": 15100,
                                                            "is_parallel": true,
                                                            "self": 2.3143990004537045
                                                        },
                                                        "communicator.exchange": {
                                                            "total": 52.87265780055168,
                                                            "count": 15100,
                                                            "is_parallel": true,